idx,ant_x,ant_y,ball_x,ball_y,ant_ball_dist,ball_speed_xy,ball_speed_full,next_ball_move,speed_gain,action_norm
24181,16.465485,17.694124,15.666571,16.553932,1.392229,6.987524,9.4677849,0.69875246,0,1.8532884
24180,16.452169,17.709354,16.357119,16.660696,1.0529573,6.987524,9.6643085,0.69875246,0,1.5927299
60330,10.743051,7.6174026,10.406509,6.1740637,1.4820551,6.7128062,9.4093132,0.67128116,0,1.8919982
60329,10.663557,7.6626048,10.959995,6.5538931,1.1476573,6.7128062,9.585433,0.67128009,0,1.911871
525064,3.6286941,14.241629,4.4465313,15.256856,1.3036656,6.6860228,8.6665049,0.66860241,0,2.1981568
150772,0.43604097,2.9835601,0.7037273,4.2628021,1.3069491,6.4165158,7.8702188,0.64165163,0,2.3637571
339968,15.42092,18.88596,14.728143,17.82291,1.2688636,6.3971615,8.5838308,0.63971651,0,1.9450927
339967,15.382133,18.91177,15.357821,17.922598,0.98947066,6.1116085,8.8857985,0.63752091,0.28555298,2.5752099
101247,12.016769,12.966766,11.681825,11.605649,1.4017234,6.3541732,8.1197205,0.6354174,0,2.0510752
469149,16.001637,6.7634196,16.651222,5.4157009,1.4960973,6.2911119,8.0522919,0.62911129,0,2.4181426
469148,15.965446,6.7541423,16.781357,6.0312052,1.0901144,6.2911119,8.1053839,0.62911093,0,2.2839282
75427,18.854609,14.776372,18.557705,13.870705,0.95309234,6.2200198,8.8700466,0.62597209,0.039693832,2.1193852
75428,18.948807,14.667293,17.934412,13.812852,1.3262978,6.2597136,8.6643629,0.62597018,0,2.0023539
159945,10.824195,9.6210585,11.422588,8.4043636,1.3558838,6.259017,8.0786295,0.62590212,0,1.9319308
337103,14.413324,16.355907,14.098044,15.478506,0.93232751,6.2249689,8.5151901,0.62488997,0.02393055,1.6182132
337104,14.477856,16.240559,13.478421,15.397546,1.3074937,6.2488995,8.2920189,0.62488985,0,1.0746089
525063,3.5789979,14.136502,3.8230822,15.24541,1.135453,5.0522914,6.9730887,0.62355417,1.6337314,2.5874228
899210,8.7233906,8.7491512,8.4938745,7.3547482,1.4131657,6.2250047,7.8305535,0.62249994,0,2.0923662
643657,6.1942754,0.63641053,6.0331106,1.9434956,1.3169835,6.2166953,7.7969027,0.62166923,0,2.0278337
568651,16.034138,3.979255,15.832399,2.6718593,1.3228688,6.2031045,8.2848368,0.6203109,0,2.0367024
615545,3.5612943,15.592562,4.5156622,16.327129,1.2043288,6.1919098,7.9047518,0.61919111,0,1.9321408
788705,10.379639,3.1918674,9.9233303,1.7870181,1.4770981,6.1832228,7.0568881,0.61832184,0,2.1915607
761512,14.821404,4.5970211,15.055702,5.8783832,1.3026067,6.1811733,8.0244102,0.61811692,0,1.6370488
568650,15.97374,4.0176325,16.349604,3.0095928,1.0758336,5.9252715,8.6695776,0.6177088,0.27783298,2.1312501
80119,14.256414,18.709229,13.148973,17.848749,1.4024451,6.1769176,8.1234341,0.61769176,0,2.0529921
80118,14.282743,18.831743,13.762894,17.784779,1.1689221,6.1134763,8.6845894,0.61724502,0.063441277,1.9214021
101246,11.934813,13.118939,12.187549,11.95911,1.1870462,5.178009,6.8872952,0.61700207,1.1761642,2.6039259
421926,18.316515,6.8959346,18.000692,5.5939469,1.3397447,6.1677117,8.5144758,0.61677134,0,2.4876566
719732,10.364763,17.067387,9.3090115,16.258608,1.3299379,6.1525512,8.8365164,0.61525524,0,2.145292
719731,10.320167,17.146496,9.9228945,16.217539,1.0103396,6.1525512,9.0277452,0.61525524,0,1.8764548
665580,2.6972296,7.7195182,3.5930572,8.6695166,1.305758,6.1484351,8.1580296,0.61484373,0,2.0193894
874332,14.285142,3.9140015,15.084213,4.726613,1.139672,6.142787,8.5477514,0.61427909,0,1.8873974
421925,18.292913,7.0136704,18.532095,5.9004154,1.1386591,5.7429209,8.2724476,0.61344248,0.42479086,2.5431182
827631,12.880011,11.292789,13.202575,12.605795,1.352047,6.1195707,8.0350513,0.61195672,0,1.9511372
228152,7.8961101,16.235527,9.0830517,16.017052,1.206881,6.1102166,8.9853592,0.61102182,0,2.2809343
839668,5.7580986,5.5871382,5.8064437,7.0015841,1.4152718,6.1085024,7.6989827,0.6108501,0,2.0796657
399572,9.7180643,12.755013,10.014718,11.463251,1.3253881,6.0824318,8.1200209,0.6082437,0,1.9898015
839667,5.741806,5.4356985,5.3444819,6.6062484,1.2361447,5.7421923,7.5628586,0.60802871,0.36631012,2.2278407
103562,0.58993798,2.4264991,1.444581,3.3818872,1.2818662,6.0801954,7.9959273,0.60801953,0,1.8913081
451267,7.0534163,16.614887,7.9682178,15.499976,1.4421819,6.0765371,7.4245143,0.60765398,0,1.9363508
970814,12.64425,14.209301,13.029271,15.459082,1.3077434,6.0690713,8.0767794,0.60690671,0,1.8061844
689625,6.1468935,7.2434988,6.2142553,6.1105332,1.1349663,6.0650711,8.2015772,0.60650676,0,1.7558912
575517,1.9014279,1.7050554,2.7924902,2.6297414,1.2841482,6.0551672,7.9800797,0.60551667,0,1.9897921
614549,5.960834,11.23383,7.0302649,10.423087,1.3420086,6.0543513,7.6237674,0.60543531,0,1.9427729
643656,6.2389884,0.55048245,5.6524057,1.4752718,1.0951322,5.3828683,7.23773,0.60346478,0.83382702,2.5174081
204104,9.6672335,13.680153,10.226076,12.668562,1.1556909,6.0288649,8.9863205,0.60288644,0,2.4937298
204105,9.699254,13.67223,9.8447895,12.201558,1.4778551,6.0288649,8.7533417,0.60288644,0,2.0332458
754222,15.784383,9.4621735,15.364608,8.148633,1.378985,6.0132384,8.566721,0.60132408,0,2.2287364
754221,15.706974,9.5599241,15.879471,8.4592876,1.1140717,5.9344339,8.6151237,0.60132372,0.078804493,1.9807985
536385,15.56683,7.3196187,15.5753,8.632493,1.3129016,6.0068283,7.7328482,0.60068238,0,1.7925495
744736,16.000788,19.204639,16.464355,17.883572,1.4000411,6.0036421,8.2565145,0.60036457,0,1.7653542
744735,15.893383,19.283037,16.686821,18.441196,1.156823,6.0036421,8.4763508,0.60036349,0,2.1802046
107480,11.739269,11.161156,11.997203,12.375047,1.2409921,6.0031657,7.9788895,0.60031682,0,1.8999282
906765,10.590943,5.3577843,11.013481,6.6514144,1.3608884,6.0016351,7.9089246,0.6001637,0,2.103651
990309,8.9396181,17.974724,8.8140278,16.756021,1.2251564,5.9968185,8.4682207,0.59968191,0,1.8991401
990308,8.9633455,17.970453,9.336112,17.051058,0.99209017,5.9968185,8.5326252,0.59968191,0,1.9705371
305645,5.2137284,12.55506,4.9129591,11.210196,1.3780869,5.9924779,7.9094911,0.59924734,0,1.646549
420342,9.0058794,3.0238874,8.7527704,4.3114448,1.3121997,5.9914699,7.8762646,0.59914708,0,1.5641283
159944,10.708806,9.7235308,11.63356,8.964694,1.1962456,4.7952795,6.3890557,0.5987314,1.4637375,2.5885191
292073,7.3679819,15.565214,7.6172509,14.305749,1.2838955,5.9871788,8.5810032,0.59871757,0,1.8609234
292072,7.2747898,15.648078,7.9395914,14.810232,1.0695544,5.8850465,8.6601639,0.59867078,0.10213232,2.5979819
401093,15.592981,9.8506994,14.690495,8.9416409,1.2809644,5.9838181,8.3521738,0.59838265,0,1.9931335
401092,15.570923,9.9330387,15.288456,8.9192181,1.0524352,5.9660125,8.571702,0.5983817,0.017805576,2.1197948
399571,9.5825052,12.838788,10.313505,11.98156,1.1265883,5.4303303,7.8911796,0.59826213,0.65210152,2.3739488
540124,11.625875,13.011013,12.569799,12.255353,1.2091386,5.9804039,7.9372787,0.59804052,0,2.2478838
447283,17.768465,7.0583982,17.868872,8.3118887,1.2575054,5.9745951,8.1268635,0.59745955,0,2.0267892
741177,4.8681784,14.582593,5.7671251,15.504569,1.2876899,5.9723368,7.5550094,0.59723377,0,2.1748967
735541,6.6567483,6.8302174,6.4777503,5.6788478,1.1652005,5.9717894,8.3401299,0.59717888,0,1.8079362
386004,5.259346,10.34332,5.9890661,9.2160864,1.342813,5.9689679,8.0899572,0.59689689,0,1.8008678
899209,8.7649183,8.7820311,9.0282249,7.620162,1.1913311,4.4557991,5.6191511,0.59663624,1.7692056,2.6981168
359546,14.641649,13.874529,15.360876,15.022958,1.3550558,5.9650464,7.8905425,0.59650481,0,2.1503465
641212,7.8336453,3.787178,7.8285613,5.0733495,1.2861814,5.9645686,8.2240973,0.59645653,0,2.060591
416123,15.040685,12.531934,15.954135,11.539616,1.3487352,5.9643946,8.2162056,0.59643972,0,1.9352306
416122,14.922328,12.53915,15.995889,12.134592,1.1472576,5.9087729,8.3241596,0.59643972,0.055621624,2.2386556
147768,1.7215662,13.31141,1.7901098,14.607435,1.2978365,5.9616852,7.7111826,0.5961687,0,1.9603004
895982,7.8009024,8.9478607,7.9758887,7.5280485,1.4305549,5.9580154,7.6712184,0.59580189,0,1.9855684
569065,4.1392097,18.421089,5.1759772,17.339516,1.4982283,5.9548893,8.0475082,0.59548944,0,1.9653537
569064,3.9804919,18.378229,5.0952392,17.929506,1.2016712,5.9548893,8.2830677,0.59548932,0,2.1688285
359545,14.696328,13.725869,14.792928,14.844706,1.1229988,5.79322,8.289958,0.59526396,0.17182636,2.3288686
486739,3.4171731,-0.41017222,3.0663357,0.78122878,1.2419837,5.9497366,8.1186018,0.59497374,0,2.2416365
748204,11.30315,11.514976,11.750538,10.226611,1.3638324,5.948184,8.2938662,0.59481847,0,1.931266
164603,5.3213854,11.144685,5.5079637,9.8601036,1.2980602,5.9478583,8.8351154,0.59478629,0,2.1920023
164602,5.2743835,11.1234,5.9001698,10.307255,1.028446,5.9478583,9.0641918,0.59478557,0,2.14345
910798,13.277613,6.5184865,13.133464,7.7983913,1.2879966,5.9473515,7.6264038,0.59473491,0,2.5068693
326455,19.666006,12.75978,20.057138,11.915499,0.9304812,6.0296307,8.5305004,0.59472978,-0.30022001,2.230372
910554,5.5617032,19.135777,6.0290728,17.829206,1.3876454,5.9357338,7.9107609,0.59357387,0,2.0211031
428978,3.0972676,15.565988,4.2836657,15.300707,1.2156949,5.9269958,8.0940657,0.59269935,0,2.2836347
747543,12.082424,15.827645,12.739235,15.145148,0.94720781,5.9197149,8.7889156,0.59197193,0,1.481618
747544,12.068564,15.82095,12.444218,14.631927,1.2469518,5.9197149,8.707077,0.59197146,0,1.4729406
303865,9.212616,9.9019957,8.3047256,8.9189892,1.3381206,5.9182434,8.1109667,0.59182453,0,2.0603411
303864,9.214776,10.03129,8.8948374,8.9639826,1.1142288,5.8405676,8.1622171,0.59182453,0.077675819,1.8463341
281837,5.4718862,5.1442695,5.3563042,6.2852778,1.1468476,5.917644,7.6699224,0.59176445,0,2.2322121
281838,5.4083991,5.2212067,5.8167291,6.6570225,1.4927492,5.917644,7.5456815,0.59176409,0,2.003485
925181,8.0241985,6.9937134,7.6387072,5.7001061,1.3498235,5.9169011,7.8515015,0.59168988,0,2.1425281
903202,4.5545878,11.538627,4.8310246,10.374917,1.1960926,5.9154096,7.5842223,0.59154153,0,1.8071867
903203,4.7149887,11.380479,4.4759955,9.901762,1.4979056,5.9154096,7.3876429,0.59154075,0,2.1063974
305644,5.1919956,12.680217,5.4230566,11.509379,1.1934192,5.2554631,7.33392,0.59136319,0.73701477,2.5932581
597440,6.9787297,7.5073066,6.7783895,6.369554,1.1552563,5.9033656,7.7588911,0.59033674,0,1.9936781
970813,12.745584,14.069606,12.510389,15.178362,1.133427,5.1834455,7.5406775,0.58995074,0.88562584,2.2829683
614548,5.8074303,11.284439,6.9313707,11.00462,1.1582491,5.1392317,6.6602206,0.58988142,0.91511965,2.5431123
97182,1.5339656,13.789048,1.5573571,14.995316,1.2064942,5.8971243,7.8537607,0.58971214,0,1.8894949
822111,12.426964,2.9354334,12.028334,4.0371413,1.1716084,5.8926344,8.3054028,0.58965003,0.0038671494,2.1464877
822112,12.268257,3.0112071,12.403652,4.4919195,1.4868897,5.8965015,8.0175791,0.58964968,0,1.6658614
202629,0.44686803,4.1260757,0.056135736,5.3358459,1.2713047,5.8961482,8.1233501,0.58961493,0,1.9102674
86584,9.3065472,4.4572849,9.7291956,3.3380678,1.1963606,5.8405466,7.9108343,0.58958018,0.055253506,2.3063378
86585,9.4214706,4.3353786,9.3352165,2.8994503,1.4385166,5.8958001,7.7155542,0.58958018,0,2.1184244
381379,13.951836,1.5909412,13.496128,0.3568247,1.3155657,5.822289,7.2975802,0.58900774,0.067788124,1.4753983
436038,12.850733,16.251968,12.21867,15.108502,1.3065289,5.8879948,7.8024311,0.58879989,0,1.8724374
436037,12.775942,16.298672,12.782445,15.278334,1.0203588,5.859211,8.0481129,0.5887996,0.028783798,1.2168146
810047,2.9829016,15.537056,4.2703972,15.313426,1.3067728,5.8874016,7.8641596,0.58873993,0,2.1471169
444112,10.814201,6.6159844,10.351559,7.8653226,1.3322477,5.8804088,8.0041552,0.58804059,0,2.104337
876677,11.35663,5.286828,11.739079,6.4843249,1.257086,5.867476,7.8199997,0.58674783,0,2.1008594
706612,4.9443364,3.4942203,5.0070925,4.6792173,1.1866577,5.8671036,7.8666563,0.58671033,0,2.0459881
386003,5.1321654,10.403135,6.1356683,9.7837181,1.1792775,5.3106036,7.8970661,0.58625758,0.6583643,2.4098487
845738,12.729081,13.263956,12.096354,12.081431,1.3411591,5.8615923,7.7498002,0.58615881,0,2.353869
259161,12.536719,2.5891356,13.597933,3.4558108,1.3701459,5.8608961,7.8183923,0.58608991,0,1.676155
420341,9.0555124,2.9345477,8.4005947,3.8430386,1.1199433,5.0630536,6.8653493,0.58603078,0.92841625,2.6949525
102537,11.786077,17.923567,12.431212,16.616392,1.4577057,5.8584261,7.6270947,0.58584309,0,1.7799851
798229,10.381437,20.170826,10.035728,19.024704,1.1971258,5.8580461,8.8113585,0.58580399,0,1.9858464
910553,5.3839412,19.185699,6.2319908,18.378633,1.1707022,5.4551101,8.1650791,0.58570111,0.48062372,2.21244
259160,12.542217,2.4646275,13.013723,3.4917653,1.1301903,5.7442555,8.2477741,0.58531481,0.11664057,1.9261246
895981,7.6895709,9.0422297,8.3360395,7.9893765,1.2354842,5.3157077,7.355401,0.58526248,0.64230776,2.5308282
916047,20.461248,9.4224739,21.050301,8.180275,1.3747876,5.8445358,7.5700374,0.58445388,0,1.8628174
752996,2.8005073,4.7226276,3.2298856,5.9515886,1.3018106,5.8391151,8.2616987,0.58391148,0,2.3985407
215717,0.63246524,19.544424,1.5228088,20.439934,1.2627943,5.8389959,7.7932887,0.58389974,0,1.9310979
938131,1.4405798,3.4281168,2.1801138,4.4438877,1.2564636,5.8389754,7.6218286,0.58389747,0,2.2075486
102536,11.648426,17.954231,12.601375,17.174444,1.2313322,5.5429492,7.9748445,0.58341861,0.31547689,2.4438064
916046,20.287058,9.4566708,21.176149,8.7499142,1.1357766,5.6807194,7.7980928,0.58337528,0.16381645,2.4073946
239729,12.360748,7.7811151,12.606299,8.9536839,1.1980038,5.8308277,7.53509,0.58308297,0,1.9556459
441537,10.311754,6.2975364,11.225286,7.027719,1.1694905,5.8286324,7.9367762,0.58286315,0,2.0648551
877711,10.047756,15.663687,10.045828,16.897104,1.2334191,5.8251023,7.7842278,0.58251119,0,1.9645841
61208,5.7450614,12.687965,6.9812193,12.388561,1.2718998,5.1978388,6.9405389,0.58237231,0.7201705,2.7530997
134384,10.548226,7.3578367,11.246941,8.4254627,1.2759416,5.8229685,7.9949336,0.58229715,0,2.0466442
836274,11.180207,11.79458,11.052629,10.428693,1.3718328,5.8221321,7.6029329,0.58221281,0,2.0013514
465948,7.7808194,7.0979128,7.3132577,5.850265,1.3323809,5.8168101,8.0669146,0.58168107,0,2.1915851
900314,19.346407,6.454093,18.239761,5.7024441,1.3377745,5.8153081,8.7218361,0.58153236,0,2.1339231
900313,19.314781,6.5143633,18.818693,5.6475291,0.99875164,5.8153081,8.8468895,0.58153045,0,1.950801
444111,10.859818,6.5268221,10.063045,7.3607612,1.153387,5.2352796,7.4731755,0.5812251,0.6451292,2.7209911
847054,1.632954,5.691988,2.7675259,5.3452091,1.1863848,5.8119206,8.0867348,0.58119196,0,2.1656573
847055,1.8161105,5.7466927,2.9209177,4.7846246,1.4649826,5.8119206,7.8494058,0.5811919,0,1.8760464
346265,9.0215807,7.5164509,9.6983566,6.2838564,1.4061702,5.8064046,7.5797458,0.58064032,0,1.6472257
346264,8.8715935,7.51126,9.7548637,6.8617406,1.0963767,5.8064046,7.6675882,0.58064032,0,1.9634972
732340,10.891064,8.7889328,10.137139,7.639143,1.3749249,5.8053718,7.2562246,0.58053756,0,2.1089921
689624,6.1806378,7.2395616,6.688199,6.4452515,0.94262767,4.332623,6.2875772,0.58022314,1.7324481,2.573231
90688,7.9970951,20.467382,8.1548843,19.222889,1.2544566,6.083447,7.3896184,0.58019906,-0.98499632,2.208318
239622,5.5508947,0.17003325,5.1811123,1.3645496,1.2504433,5.8014131,7.6951108,0.58014131,0,2.2348273
281118,10.531333,17.973583,11.41014,19.050234,1.3897765,5.7910023,8.39223,0.57910055,0,1.8099691
281117,10.520939,17.878485,10.838034,18.960506,1.1275283,5.7910023,8.6420927,0.57909989,0,2.4331508
609017,12.146692,15.237238,12.887682,14.396452,1.1207081,5.7872252,8.4192944,0.57872266,0,2.4033561
609018,12.288154,15.243587,12.714176,13.844351,1.4626546,5.7872252,8.2467289,0.578722,0,2.0627894
827630,12.928947,11.184705,12.685727,12.345633,1.1861322,4.8430557,7.1265798,0.57863277,1.276515,2.5186963
759830,10.465276,12.696324,11.300142,11.663602,1.3279752,5.7863135,7.4625297,0.57863194,0,1.8477803
790382,13.536116,3.9803627,12.429442,3.3497183,1.2737495,5.7813907,7.3816981,0.57813931,0,1.880556
8427,6.3910279,5.431355,6.6349816,4.2290549,1.2268002,5.7803445,7.4940066,0.57803434,0,1.4876479
925180,8.0050926,7.1415982,8.1567974,5.9563732,1.1948944,5.1375332,7.5474572,0.57800549,0.77936792,2.5528529
757638,13.669399,19.365282,13.696358,18.17639,1.1891979,5.7724953,7.8115487,0.57724971,0,2.2258492
757639,13.684996,19.288687,13.198079,17.884953,1.4857851,5.7724953,7.6492548,0.57724887,0,1.7687784
862564,5.6182442,15.1091,6.1628251,13.71624,1.4955362,5.7712779,7.8347459,0.57712859,0,1.9268266
862563,5.4835796,15.142816,6.3338108,14.267457,1.2203056,5.7712779,8.1144476,0.5771277,0,2.0377226
272190,4.4468546,18.776114,5.8044109,18.568409,1.3733537,5.7710047,7.7128105,0.57709926,0,1.9461653
103561,0.60550439,2.2981822,0.8677178,3.3911076,1.1239402,4.8192878,7.3088083,0.5769369,1.2609076,2.327106
778168,5.0142779,7.5064836,5.461122,6.2575378,1.3264747,5.7686563,7.3874769,0.57686573,0,1.8769251
94994,11.074148,12.718126,10.899319,14.067916,1.3610648,5.7674403,7.4197292,0.57674348,0,1.9845769
732339,10.939633,8.8980675,10.70742,7.7249436,1.1958857,5.456048,7.3060918,0.57669944,0.34932375,2.0281384
169834,13.883046,12.996633,14.2437,14.235765,1.29055,5.7669487,7.5097871,0.57669473,0,1.9403365
229856,12.955107,20.07053,12.642908,18.790945,1.3171202,5.7647829,7.5841446,0.57647759,-0.28552628,2.2731819
121044,0.89878082,11.728453,1.5582967,10.520186,1.3765422,5.764575,7.3171158,0.57645798,0,2.0579977
202628,0.56459671,4.0619802,-0.25182328,4.8487067,1.1337901,5.0789018,7.5183625,0.57631886,0.81724644,2.5133288
970681,1.9791687,7.7160778,2.5332797,8.8761759,1.2856386,5.7617397,8.0189886,0.57617432,0,1.9633429
107479,11.810635,11.056672,11.492482,12.097214,1.0880938,4.9770293,7.4504271,0.57613724,1.0261364,2.6270537
536384,15.621652,7.2718043,15.1745,8.2187138,1.0471783,5.1496849,6.9258475,0.5760681,0.8571434,2.6109424
790381,13.596364,4.090888,12.98739,3.2070863,1.0732918,5.6120234,8.2954016,0.57588971,0.16936731,1.8646334
168991,8.2670012,9.4130621,8.3112602,8.0309563,1.3828143,5.7586155,7.2893653,0.57586098,0,1.735154
730540,9.329607,13.531721,9.6451387,12.350118,1.2230073,5.7549973,7.4026923,0.57549983,0,2.1533017
215716,0.68124783,19.383238,0.95056826,20.379927,1.0324351,5.3359318,7.9094691,0.57537818,0.50306416,2.5203214
798228,10.358575,20.182768,10.568386,19.241329,0.96453488,4.8190193,7.3455129,0.57502228,1.0390267,2.3073421
229855,12.928565,20.099413,13.120604,19.111019,1.0068769,5.7356138,7.8387084,0.5750134,0.029169083,2.4705694
752995,2.8479588,4.6245089,2.7116704,5.7026606,1.0867316,5.2047257,7.8504243,0.57490188,0.6343894,2.2749476
287467,17.321302,19.479691,17.677622,18.286749,1.2450194,5.7471385,7.8803329,0.5747152,0,1.7412692
906764,10.616363,5.2435579,10.485441,6.4252901,1.1889623,4.9434981,7.2409825,0.57442003,1.0581369,2.4858356
840272,1.1919003,0.572285,2.179044,1.5529766,1.3914772,5.743855,7.5699811,0.5743857,0,1.8763412
107048,10.588824,12.242229,10.533719,13.53479,1.2937347,5.7392049,7.4967747,0.57392061,0,1.8471218
759829,10.297823,12.689827,11.318604,12.237073,1.1166822,5.4424005,8.0037508,0.57376814,0.34391308,2.1114786
922408,15.963799,18.861912,16.981646,17.968216,1.3545121,5.7376351,7.4514766,0.57376307,0,2.0192389
135171,9.2451401,1.4647491,9.4927025,2.7335353,1.2927125,5.7346883,7.3234582,0.57346839,0,1.8035083
26031,7.0553384,13.387495,7.8069515,14.511463,1.3521193,5.7319374,7.4502559,0.57319391,0,2.3630447
445689,11.446135,5.9519181,11.922967,6.9464188,1.1029055,5.7305388,8.0007963,0.57305437,0,2.2833841
445690,11.38892,6.1338987,12.476798,7.0936003,1.4506916,5.7305388,7.9296107,0.57305354,0,1.701867
68999,8.4709387,2.9115179,8.1829538,4.1697769,1.2907947,5.7294936,7.4172029,0.57294941,0,1.8821172
991280,4.2353702,7.9994283,4.1615448,6.731689,1.2698871,5.7281442,7.8167315,0.57281458,0,2.3167231
840271,1.2000695,0.42610502,1.6069467,1.5333506,1.1796364,5.5352726,8.0246391,0.57243389,0.2085824,2.5777359
748203,11.159104,11.560019,12.016854,10.733299,1.1913017,4.8311229,7.4085441,0.57241356,1.1170611,2.7122843
761511,14.89997,4.4584379,14.568312,5.5782523,1.1678963,4.4929256,6.2289963,0.57238799,1.6882477,2.5033548
776936,6.0494447,7.211412,6.2971287,6.0350122,1.2021912,5.7206302,7.6657906,0.57206333,0,2.0690541
140227,11.086961,6.6141644,10.887821,7.9803963,1.3806688,5.7199879,7.5525379,0.57199824,0,1.9103707
963011,12.915348,0.1707788,12.464843,1.2264162,1.147748,5.7138872,7.839004,0.5713889,0,2.048383
963012,12.873481,0.23685236,12.867857,1.6314654,1.3946244,5.7138872,7.6158147,0.5713883,0,1.6438606
205884,8.8020782,17.638554,9.6003799,18.620668,1.2656362,5.7138653,7.8017244,0.57138622,0,1.8966936
575516,1.8984795,1.5407583,2.2212186,2.6188405,1.1253541,4.6758695,6.5812807,0.57137567,1.3792977,2.5423639
797815,3.7954974,15.062497,3.7833049,13.57834,1.4842077,5.7126155,7.4054999,0.57126212,0,1.8811419
